<?xml version='1.0' encoding='UTF-8'?>
<!-- Licensed to the Apache Software Foundation (ASF) under one or more contributor 
	license agreements. See the NOTICE file distributed with this work for additional 
	information regarding copyright ownership. The ASF licenses this file to 
	You under the Apache License, Version 2.0 (the "License"); you may not use 
	this file except in compliance with the License. You may obtain a copy of 
	the License at http://www.apache.org/licenses/LICENSE-2.0 Unless required 
	by applicable law or agreed to in writing, software distributed under the 
	License is distributed on an "AS IS" BASIS, WITHOUT WARRANTIES OR CONDITIONS 
	OF ANY KIND, either express or implied. See the License for the specific 
	language governing permissions and limitations under the License. -->
<beans xmlns="http://www.springframework.org/schema/beans"
	xmlns:xsi="http://www.w3.org/2001/XMLSchema-instance"
	xsi:schemaLocation="http://www.springframework.org/schema/beans
          http://www.springframework.org/schema/beans/spring-beans-3.0.xsd">
	<bean id="webscript.alfresco.tutorials.helloworld.get" class="com.manulife.platformsample.HelloWorldWebScript"
		parent="webscript">
	</bean>

	<!--JH :: Preview Status webscript -->
	<bean id="webscript.alfresco.manulife.previewstatus.get" class="com.manulife.webscripts.DocumentPreviewStatusWebScript"
		parent="webscript">
		<property name="nodeService">
			<ref bean="nodeService" />
		</property>
	</bean>

	<!--JH :: Preview Update webscript -->
	<bean id="webscript.alfresco.manulife.previewupdate.get" class="com.manulife.webscripts.DocumentPreviewUpdateWebScript"
		parent="webscript">
		<property name="nodeService">
			<ref bean="nodeService" />
		</property>

		<property name="transactionService">
			<ref bean="transactionService" />
		</property>
	</bean>

	<!--JH :: External Share webscript -->
	<bean id="webscript.com.manulife.externalshare.share.post"
		class="com.manulife.web.scripts.externalshare.JHMLShareContentPost"
		parent="org.alfresco.repository.quickshare.abstract">
		<property name="properties">
			<ref bean="global-properties" />
		</property>
		<property name="nodeService">
			<ref bean="nodeService" />
		</property>
	</bean>

	<bean id="webscript.com.manulife.content.base64.get" class="com.manulife.web.scripts.content.ContentBase64Get"
		parent="webscript">
		<property name="properties">
			<ref bean="global-properties" />
		</property>
		<property name="contentService">
			<ref bean="contentService" />
		</property>
	</bean>

	<!--DocuSign- create envelope webscript  -->
	<bean id="webscript.com.manulife.docusign.create-envelope.post"
		class="com.manulife.web.scripts.docusign.DocuSignCreateEnvelope" parent="webscript">
		<property name="properties">
			<ref bean="global-properties" />
		</property>
		<property name="contentService">
			<ref bean="contentService" />
		</property>
		<property name="nodeService">
			<ref bean="nodeService" />
		</property>
	</bean>


</beans>
